{
  "Miami": "MIA",
  "Seattle": "SEA",
  "New York": "NYC",
  "Orlando": "MCO",
  "Los Angeles": "LAX",
  "Las Vegas": "LAS",
  "San Francisco": "SFO",
  "Boston": "BOS",
  "Chicago": "ORD",
  "Denver": "DEN",
  "Phoenix": "PHX",
  "San Diego": "SAN",
  "Portland": "PDX",
  "Austin": "AUS",
  "Nashville": "BNA",
  "Atlanta": "ATL",
  "Philadelphia": "PHL",
  "Washington": "DCA",
  "Detroit": "DTW",
  "Minneapolis": "MSP",
  "Tampa": "TPA",
  "Houston": "IAH",
  "Dallas": "DFW",
  "Salt Lake City": "SLC",
  "Charlotte": "CLT",
  "Raleigh": "RDU",
  "Baltimore": "BWI",
  "San Antonio": "SAT",
  "Sacramento": "SMF",
  "Kansas City": "MCI",
  "Cleveland": "CLE",
  "Indianapolis": "IND",
  "Columbus": "CMH",
  "Cincinnati": "CVG",
  "Pittsburgh": "PIT",
  "St. Louis": "STL",
  "Milwaukee": "MKE",
  "New Orleans": "MSY",
  "Honolulu": "HNL",
  "Anchorage": "ANC",
  "London": "LHR",
  "Paris": "CDG",
  "Tokyo": "NRT",
  "Amsterdam": "AMS",
  "Frankfurt": "FRA",
  "Rome": "FCO",
  "Barcelona": "BCN",
  "Madrid": "MAD",
  "Dublin": "DUB",
  "Munich": "MUC",
  "Zurich": "ZRH",
  "Vienna": "VIE",
  "Copenhagen": "CPH",
  "Stockholm": "ARN",
  "Oslo": "OSL",
  "Brussels": "BRU",
  "Lisbon": "LIS",
  "Athens": "ATH",
  "Istanbul": "IST",
  "Dubai": "DXB",
  "Singapore": "SIN",
  "Hong Kong": "HKG",
  "Bangkok": "BKK",
  "Seoul": "ICN",
  "Sydney": "SYD",
  "Melbourne": "MEL",
  "Auckland": "AKL",
  "Toronto": "YYZ",
  "Vancouver": "YVR",
  "Montreal": "YUL",
  "Calgary": "YYC",
  "Mexico City": "MEX",
  "Cancun": "CUN",
  "Cabo San Lucas": "SJD",
  "Puerto Vallarta": "PVR",
  "San Juan": "SJU",
  "Punta Cana": "PUJ",
  "Nassau": "NAS",
  "Montego Bay": "MBJ",
  "Aruba": "AUA",
  "Lima": "LIM",
  "Buenos Aires": "EZE",
  "Sao Paulo": "GRU",
  "Rio de Janeiro": "GIG",
  "Bogota": "BOG",
  "Santiago": "SCL",
  "Reykjavik": "KEF",
  "Tel Aviv": "TLV",
  "Cairo": "CAI",
  "Johannesburg": "JNB",
  "Cape Town": "CPT",
  "Nairobi": "NBO",
  "Mumbai": "BOM",
  "Delhi": "DEL",
  "Bangalore": "BLR",
  "Shanghai": "PVG",
  "Beijing": "PEK",
  "Guangzhou": "CAN",
  "Taipei": "TPE",
  "Manila": "MNL",
  "Jakarta": "CGK",
  "Kuala Lumpur": "KUL",
  "Ho Chi Minh City": "SGN",
  "Hanoi": "HAN"
}

